{
  "Interstellar": {
    "year": 2014,
    "studio": "Paramount Pictures/Warner Bros",
    "country": "USA",
    "scenary": "Jonathan Nolan",
    "director": "Sir Christopher Edward Nolan",
    "producer": "Emma Thomas",
    "actors": {
      "Matthew David McConaughey": "Joseph Cooper",
      "Anne Hathaway": "Dr. Amelia Brand",
      "Jessica Chastain": "Murphy Cooper",
      "Matt Damon": "Dr. Mann",
      "John Lithgow": "Donald",
      "Michael Caine": "Professor John Brand",
      "Wes Bentley": "Doyle"
    }
  },
  "Battlestar Galactica:The Plan": {
    "year": 2009,
    "studio": "Universal Television/Glen A. Larson Productions",
    "country": "USA",
    "scenary": "Jane Espenson",
    "director": "Edward James Olmos",
    "producer": "Ronald D. Moore",
    "actors": {
      "Edward James Olmos": "William Adama",
      "Mary McDonnell": "Laura Roslin",
      "Katee Sackhoff": "Kara Thrace",
      "Jamie Bamber": "Lee Adama",
      "James Callis": "Dr. Gaius Baltar",
      "Tricia Helfer": "Number Six",
      "Grace Park": "Number Eight"
    }
  },
  "Star Wars: Episode I The Phantom Menace": {
      "year": 1999,
      "studio": "Lucasfilm Ltd.",
      "country": "USA",
      "scenary": "George Lucas",
      "director": "George Lucas",
      "producer": "Rick McCallum",
      "actors": {
        "Liam Neeson": "Qui-Gon Jinn",
        "Ewan McGregor": "Obi-Wan Kenobi",
        "Natalie Portman": "Padme Amidala",
        "Jake Lloyd": "Young Anakin Skywalker",
        "Ian McDiarmid": "Palpatine",
        "Samuel L. Jackson": "Mace Windu",
        "Keira Knightley": "Sabe"
      }
    },
  "Leon: The Professional": {
      "year": 1994,
      "studio": "Gaumont",
      "country": "France",
      "scenary": "Luc Besson",
      "director": "Luc Besson",
      "producer": "Patrice Ledoux",
      "actors": {
        "Jean Reno": "Leon",
        "Gary Oldman": "Norman Stansfield",
        "Natalie Portman": "Mathilda Lando",
        "Danny Aiello": "Tony"
      }
    },
  "The Martian": {
      "year": 2015,
      "studio": "Scott Free Productions/TSG Entertainment",
      "country": "USA",
      "scenary": "Drew Goddard",
      "director": "Ridley Scott",
      "producer": "Ridley Scott",
      "actors": {
        "Matt Damon": "Dr. Mark Watney",
        "Jessica Chastain": "Melissa Lewis",
        "Chiwetel Ejiofor": "Vincent Kapoor",
        "Michael Pena": "Rick Martinez",
        "Sean Bean": "Mitch Henderson",
        "Benedict Wong": "Bruce Ng"
      }
    }
}
