{
  "name": "Interstellar ",
  "year": 2014,
  "studio": "Paramount Pictures/Warner Bros",
  "country": "USA",
  "scenary": "Jonathan Nolan",
  "director": "Sir Christopher Edward Nolan",
  "producer": "Emma Thomas",
  "actors": {
    "Matthew David McConaughey": "Joseph Cooper",
    "Anne Hathaway": "Dr. Amelia Brand",
    "Jessica Chastain": "Murphy Cooper",
    "Matthew Paige Damon": "Dr. Mann",
    "John Lithgow": "Donald",
    "Michael Caine": "Professor John Brand",
    "Wes Bentley": "Doyle"
  }
}
